<window>
  <defaultcontrol always="true">9000</defaultcontrol>
  <allowoverlay>yes</allowoverlay>
  <controls>
    <include>Libretto.Background</include>

    <control type="label">
      <left>100</left><top>80</top>
      <width>1720</width><height>60</height>
      <label>$LOCALIZE[31000]</label>
      <font>Large</font>
      <textcolor>FFFFFFFF</textcolor>
    </control>

    <!-- placeholder seznam -->
    <control type="list" id="9000">
      <left>100</left><top>200</top>
      <width>1720</width><height>700</height>
      <onleft>9000</onleft><onright>9000</onright><onup>9000</onup><ondown>9000</ondown>
      <itemlayout height="70">
        <control type="label">
          <left>20</left><top>10</top><width>1600</width><height>50</height>
          <label>$INFO[ListItem.Label]</label>
          <font>Regular</font>
        </control>
      </itemlayout>
      <focusedlayout height="70">
        <control type="label">
          <left>20</left><top>10</top><width>1600</width><height>50</height>
          <label>$INFO[ListItem.Label]</label>
          <font>Regular</font>
          <textcolor>FF00D1FF</textcolor>
        </control>
      </focusedlayout>

      <!-- Dočasný obsah -->
      <content>
        <item><label>Movies (placeholder)</label></item>
        <item><label>TV Shows (placeholder)</label></item>
        <item><label>Kids (placeholder)</label></item>
      </content>
    </control>
  </controls>
</window>